id,name,url
1612,Brock Bowers,/dynasty-rankings/players/brock-bowers-1612
224,DK Metcalf,/dynasty-rankings/players/dk-metcalf-224
1,Saquon Barkley,/dynasty-rankings/players/saquon-barkley-1
1589,Brian Thomas Jr.,/dynasty-rankings/players/brian-thomas-jr-1589
1527,2026 Early 1st,/dynasty-rankings/players/2026-early-1st-1527
1279,George Pickens,/dynasty-rankings/players/george-pickens-1279
1551,Drake Maye,/dynasty-rankings/players/drake-maye-1551
1266,Isiah Pacheco,/dynasty-rankings/players/isiah-pacheco-1266
1227,Kenneth Walker III,/dynasty-rankings/players/kenneth-walker-iii-1227
388,Jared Goff,/dynasty-rankings/players/jared-goff-388
543,Tee Higgins,/dynasty-rankings/players/tee-higgins-543
1362,2025 Mid 1st,/dynasty-rankings/players/2025-mid-1st-1362
1443,Zay Flowers,/dynasty-rankings/players/zay-flowers-1443
1447,Rashee Rice,/dynasty-rankings/players/rashee-rice-1447
536,Michael Pittman,/dynasty-rankings/players/michael-pittman-536
1568,Jonathon Brooks,/dynasty-rankings/players/jonathon-brooks-1568
1231,James Cook,/dynasty-rankings/players/james-cook-1231
1591,Xavier Worthy,/dynasty-rankings/players/xavier-worthy-1591
1437,Jaxon Smith-Njigba,/dynasty-rankings/players/jaxon-smith-njigba-1437
383,Deebo Samuel,/dynasty-rankings/players/deebo-samuel-383
1295,2024 Late 1st,/dynasty-rankings/players/2024-late-1st-1295
366,Mark Andrews,/dynasty-rankings/players/mark-andrews-366
1553,Bo Nix,/dynasty-rankings/players/bo-nix-1553
1555,J.J. McCarthy,/dynasty-rankings/players/jj-mccarthy-1555
1528,2026 Mid 1st,/dynasty-rankings/players/2026-mid-1st-1528
1363,2025 Late 1st,/dynasty-rankings/players/2025-late-1st-1363
1420,Jordan Addison,/dynasty-rankings/players/jordan-addison-1420
1554,Michael Penix Jr.,/dynasty-rankings/players/michael-penix-jr-1554
1598,Ladd McConkey,/dynasty-rankings/players/ladd-mcconkey-1598
303,Josh Jacobs,/dynasty-rankings/players/josh-jacobs-303
1180,Rachaad White,/dynasty-rankings/players/rachaad-white-1180
1419,Jayden Reed,/dynasty-rankings/players/jayden-reed-1419
1456,Bryce Young,/dynasty-rankings/players/bryce-young-1456
264,Travis Kelce,/dynasty-rankings/players/travis-kelce-264
247,T.J. Hockenson,/dynasty-rankings/players/tj-hockenson-247
1588,Keon Coleman,/dynasty-rankings/players/keon-coleman-1588
277,Davante Adams,/dynasty-rankings/players/davante-adams-277
310,Cooper Kupp,/dynasty-rankings/players/cooper-kupp-310
275,Mike Evans,/dynasty-rankings/players/mike-evans-275
1529,2026 Late 1st,/dynasty-rankings/players/2026-late-1st-1529
328,Terry McLaurin,/dynasty-rankings/players/terry-mclaurin-328
1565,Trey Benson,/dynasty-rankings/players/trey-benson-1565
296,Derrick Henry,/dynasty-rankings/players/derrick-henry-296
1402,Will Levis,/dynasty-rankings/players/will-levis-1402
1296,2024 Early 2nd,/dynasty-rankings/players/2024-early-2nd-1296
215,Baker Mayfield,/dynasty-rankings/players/baker-mayfield-215
221,Christian Kirk,/dynasty-rankings/players/christian-kirk-221
298,George Kittle,/dynasty-rankings/players/george-kittle-298
1417,Tyjae Spears,/dynasty-rankings/players/tyjae-spears-1417
1248,Christian Watson,/dynasty-rankings/players/christian-watson-1248
269,Amari Cooper,/dynasty-rankings/players/amari-cooper-269
1036,Rhamondre Stevenson,/dynasty-rankings/players/rhamondre-stevenson-1036
639,D'Andre Swift,/dynasty-rankings/players/d-andre-swift-639
1597,Adonai Mitchell,/dynasty-rankings/players/adonai-mitchell-1597
299,Chris Godwin,/dynasty-rankings/players/chris-godwin-299
396,Kirk Cousins,/dynasty-rankings/players/kirk-cousins-396
1364,2025 Early 2nd,/dynasty-rankings/players/2025-early-2nd-1364
288,David Montgomery,/dynasty-rankings/players/david-montgomery-288
273,Joe Mixon,/dynasty-rankings/players/joe-mixon-273
1033,Javonte Williams,/dynasty-rankings/players/javonte-williams-1033
1232,Brian Robinson,/dynasty-rankings/players/brian-robinson-1232
262,Stefon Diggs,/dynasty-rankings/players/stefon-diggs-262
229,Evan Engram,/dynasty-rankings/players/evan-engram-229
1273,Jameson Williams,/dynasty-rankings/players/jameson-williams-1273
1258,Jake Ferguson,/dynasty-rankings/players/jake-ferguson-1258
282,Alvin Kamara,/dynasty-rankings/players/alvin-kamara-282
1230,Zamir White,/dynasty-rankings/players/zamir-white-1230
261,Deshaun Watson,/dynasty-rankings/players/deshaun-watson-261
252,David Njoku,/dynasty-rankings/players/david-njoku-252
293,Calvin Ridley,/dynasty-rankings/players/calvin-ridley-293
1201,Jaylen Warren,/dynasty-rankings/players/jaylen-warren-1201
356,Matthew Stafford,/dynasty-rankings/players/matthew-stafford-356
1602,Ja'Lynn Polk,/dynasty-rankings/players/ja-lynn-polk-1602
1610,Xavier Legette,/dynasty-rankings/players/xavier-legette-1610
1031,Najee Harris,/dynasty-rankings/players/najee-harris-1031
338,Diontae Johnson,/dynasty-rankings/players/diontae-johnson-338
1564,Blake Corum,/dynasty-rankings/players/blake-corum-1564
1297,2024 Mid 2nd,/dynasty-rankings/players/2024-mid-2nd-1297
1238,Romeo Doubs,/dynasty-rankings/players/romeo-doubs-1238
1396,Chase Brown,/dynasty-rankings/players/chase-brown-1396
1593,Ricky Pearsall,/dynasty-rankings/players/ricky-pearsall-1593
1581,Jaylen Wright,/dynasty-rankings/players/jaylen-wright-1581
311,Marquise Brown,/dynasty-rankings/players/marquise-brown-311
268,James Conner,/dynasty-rankings/players/james-conner-268
1229,Jerome Ford,/dynasty-rankings/players/jerome-ford-1229
1530,2026 Early 2nd,/dynasty-rankings/players/2026-early-2nd-1530
1365,2025 Mid 2nd,/dynasty-rankings/players/2025-mid-2nd-1365
1448,Dontayvion Wicks,/dynasty-rankings/players/dontayvion-wicks-1448
43,Raheem Mostert,/dynasty-rankings/players/raheem-mostert-43
1298,2024 Late 2nd,/dynasty-rankings/players/2024-late-2nd-1298
1440,Josh Downs,/dynasty-rankings/players/josh-downs-1440
1384,Zach Charbonnet,/dynasty-rankings/players/zach-charbonnet-1384
344,Tony Pollard,/dynasty-rankings/players/tony-pollard-344
265,Keenan Allen,/dynasty-rankings/players/keenan-allen-265
1278,Khalil Shakir,/dynasty-rankings/players/khalil-shakir-1278
1615,Ben Sinnott,/dynasty-rankings/players/ben-sinnott-1615
1053,Pat Freiermuth,/dynasty-rankings/players/pat-freiermuth-1053
301,Aaron Jones,/dynasty-rankings/players/aaron-jones-301
1015,Justin Fields,/dynasty-rankings/players/justin-fields-1015
1366,2025 Late 2nd,/dynasty-rankings/players/2025-late-2nd-1366
1531,2026 Mid 2nd,/dynasty-rankings/players/2026-mid-2nd-1531
226,Courtland Sutton,/dynasty-rankings/players/courtland-sutton-226
274,Nick Chubb,/dynasty-rankings/players/nick-chubb-274
1065,Josh Palmer,/dynasty-rankings/players/josh-palmer-1065
1575,MarShawn Lloyd,/dynasty-rankings/players/marshawn-lloyd-1575
1567,Braelon Allen,/dynasty-rankings/players/braelon-allen-1567
569,Cole Kmet,/dynasty-rankings/players/cole-kmet-569
1257,Isaiah Likely,/dynasty-rankings/players/isaiah-likely-1257
638,Zack Moss,/dynasty-rankings/players/zack-moss-638
235,Aaron Rodgers,/dynasty-rankings/players/aaron-rodgers-235
671,Geno Smith,/dynasty-rankings/players/geno-smith-671
1603,Jermaine Burton,/dynasty-rankings/players/jermaine-burton-1603
1430,Luke Musgrave,/dynasty-rankings/players/luke-musgrave-1430
545,Jerry Jeudy,/dynasty-rankings/players/jerry-jeudy-545
487,Dalton Schultz,/dynasty-rankings/players/dalton-schultz-487
1600,Roman Wilson,/dynasty-rankings/players/roman-wilson-1600
238,Devin Singletary,/dynasty-rankings/players/devin-singletary-238
13,Jakobi Meyers,/dynasty-rankings/players/jakobi-meyers-13
87,Daniel Jones,/dynasty-rankings/players/daniel-jones-87
1468,Demario Douglas,/dynasty-rankings/players/demario-douglas-1468
1421,Michael Wilson,/dynasty-rankings/players/michael-wilson-1421
382,Dallas Goedert,/dynasty-rankings/players/dallas-goedert-382
1532,2026 Late 2nd,/dynasty-rankings/players/2026-late-2nd-1532
331,Sam Darnold,/dynasty-rankings/players/sam-darnold-331
1599,Jalen McMillan,/dynasty-rankings/players/jalen-mcmillan-1599
1360,Rashid Shaheed,/dynasty-rankings/players/rashid-shaheed-1360
280,DeAndre Hopkins,/dynasty-rankings/players/deandre-hopkins-280
1606,Luke McCaffrey,/dynasty-rankings/players/luke-mccaffrey-1606
1569,Bucky Irving,/dynasty-rankings/players/bucky-irving-1569
1608,Javon Baker,/dynasty-rankings/players/javon-baker-1608
1228,Tyler Allgeier,/dynasty-rankings/players/tyler-allgeier-1228
244,Curtis Samuel,/dynasty-rankings/players/curtis-samuel-244
47,Gardner Minshew,/dynasty-rankings/players/gardner-minshew-47
533,Gabriel Davis,/dynasty-rankings/players/gabriel-davis-533
1590,Troy Franklin,/dynasty-rankings/players/troy-franklin-1590
1486,Jaleel McLaughlin,/dynasty-rankings/players/jaleel-mclaughlin-1486
1566,Audric Estime,/dynasty-rankings/players/audric-estime-1566
555,Rico Dowdle,/dynasty-rankings/players/rico-dowdle-555
76,Gus Edwards,/dynasty-rankings/players/gus-edwards-76
1442,Marvin Mims,/dynasty-rankings/players/marvin-mims-1442
85,Derek Carr,/dynasty-rankings/players/derek-carr-85
1014,Chuba Hubbard,/dynasty-rankings/players/chuba-hubbard-1014
1272,Jahan Dotson,/dynasty-rankings/players/jahan-dotson-1272
636,J.K. Dobbins,/dynasty-rankings/players/jk-dobbins-636
1574,Ray Davis,/dynasty-rankings/players/ray-davis-1574
385,Austin Ekeler,/dynasty-rankings/players/austin-ekeler-385
1427,Michael Mayer,/dynasty-rankings/players/michael-mayer-1427
285,Tyler Lockett,/dynasty-rankings/players/tyler-lockett-285
1393,Keaton Mitchell,/dynasty-rankings/players/keaton-mitchell-1393
1607,Malachi Corley,/dynasty-rankings/players/malachi-corley-1607
1299,2024 Early 3rd,/dynasty-rankings/players/2024-early-3rd-1299
911,Darnell Mooney,/dynasty-rankings/players/darnell-mooney-911
1386,Kendre Miller,/dynasty-rankings/players/kendre-miller-1386
1632,Tyrone Tracy,/dynasty-rankings/players/tyrone-tracy-1632
1636,Kimani Vidal,/dynasty-rankings/players/kimani-vidal-1636
1274,Wan'Dale Robinson,/dynasty-rankings/players/wan-dale-robinson-1274
1367,2025 Early 3rd,/dynasty-rankings/players/2025-early-3rd-1367
1070,Rashod Bateman,/dynasty-rankings/players/rashod-bateman-1070
1614,Ja'Tavion Sanders,/dynasty-rankings/players/ja-tavion-sanders-1614
1261,Cade Otton,/dynasty-rankings/players/cade-otton-1261
1069,Dyami Brown,/dynasty-rankings/players/dyami-brown-1069
1441,Quentin Johnston,/dynasty-rankings/players/quentin-johnston-1441
1401,Tank Bigsby,/dynasty-rankings/players/tank-bigsby-1401
1300,2024 Mid 3rd,/dynasty-rankings/players/2024-mid-3rd-1300
1390,Roschon Johnson,/dynasty-rankings/players/roschon-johnson-1390
257,Russell Wilson,/dynasty-rankings/players/russell-wilson-257
1368,2025 Mid 3rd,/dynasty-rankings/players/2025-mid-3rd-1368
1182,Ty Chandler,/dynasty-rankings/players/ty-chandler-1182
1557,Spencer Rattler,/dynasty-rankings/players/spencer-rattler-1557
1209,Sam Howell,/dynasty-rankings/players/sam-howell-1209
1301,2024 Late 3rd,/dynasty-rankings/players/2024-late-3rd-1301
1256,Greg Dulcich,/dynasty-rankings/players/greg-dulcich-1256
1418,Tucker Kraft,/dynasty-rankings/players/tucker-kraft-1418
1572,Will Shipley,/dynasty-rankings/players/will-shipley-1572
1604,Jordan Whittington,/dynasty-rankings/players/jordan-whittington-1604
994,Khalil Herbert,/dynasty-rankings/players/khalil-herbert-994
1399,Jalin Hyatt,/dynasty-rankings/players/jalin-hyatt-1399
1533,2026 Early 3rd,/dynasty-rankings/players/2026-early-3rd-1533
230,Mike Williams,/dynasty-rankings/players/mike-williams-230
1450,Jonathan Mingo,/dynasty-rankings/players/jonathan-mingo-1450
1620,Theo Johnson,/dynasty-rankings/players/theo-johnson-1620
1422,Andrei Iosivas,/dynasty-rankings/players/andrei-iosivas-1422
1369,2025 Late 3rd,/dynasty-rankings/players/2025-late-3rd-1369
584,Antonio Gibson,/dynasty-rankings/players/antonio-gibson-584
10,Greg Dortch,/dynasty-rankings/players/greg-dortch-10
1534,2026 Mid 3rd,/dynasty-rankings/players/2026-mid-3rd-1534
1330,Jordan Mason,/dynasty-rankings/players/jordan-mason-1330
243,Noah Fant,/dynasty-rankings/players/noah-fant-243
281,Ezekiel Elliott,/dynasty-rankings/players/ezekiel-elliott-281
1320,Chigoziem Okonkwo,/dynasty-rankings/players/chigoziem-okonkwo-1320
1623,Malik Washington,/dynasty-rankings/players/malik-washington-1623
307,Brandin Cooks,/dynasty-rankings/players/brandin-cooks-307
1012,Elijah Moore,/dynasty-rankings/players/elijah-moore-1012
1594,Brenden Rice,/dynasty-rankings/players/brenden-rice-1594
1452,Trey Palmer,/dynasty-rankings/players/trey-palmer-1452
88,Dawson Knox,/dynasty-rankings/players/dawson-knox-88
1013,Elijah Mitchell,/dynasty-rankings/players/elijah-mitchell-1013
1584,Dylan Laube,/dynasty-rankings/players/dylan-laube-1584
1460,Tre Tucker,/dynasty-rankings/players/tre-tucker-1460
1285,Alec Pierce,/dynasty-rankings/players/alec-pierce-1285
1592,Devontez Walker,/dynasty-rankings/players/devontez-walker-1592
1412,Aidan O'Connell,/dynasty-rankings/players/aidan-o-connell-1412
1207,Dameon Pierce,/dynasty-rankings/players/dameon-pierce-1207
1535,2026 Late 3rd,/dynasty-rankings/players/2026-late-3rd-1535
1269,Treylon Burks,/dynasty-rankings/players/treylon-burks-1269
150,Taysom Hill,/dynasty-rankings/players/taysom-hill-150
231,Tyler Boyd,/dynasty-rankings/players/tyler-boyd-231
1302,2024 Early 4th,/dynasty-rankings/players/2024-early-4th-1302
1445,Parker Washington,/dynasty-rankings/players/parker-washington-1445
1247,Jalen Tolbert,/dynasty-rankings/players/jalen-tolbert-1247
1388,Eric Gray,/dynasty-rankings/players/eric-gray-1388
308,Adam Thielen,/dynasty-rankings/players/adam-thielen-308
212,Hunter Henry,/dynasty-rankings/players/hunter-henry-212
368,Justice Hill,/dynasty-rankings/players/justice-hill-368
1626,Isaac Guerendo,/dynasty-rankings/players/isaac-guerendo-1626
1276,John Metchie,/dynasty-rankings/players/john-metchie-1276
1449,A.T. Perry,/dynasty-rankings/players/at-perry-1449
1583,Carson Steele,/dynasty-rankings/players/carson-steele-1583
1322,Daniel Bellinger,/dynasty-rankings/players/daniel-bellinger-1322
1556,Joe Milton,/dynasty-rankings/players/joe-milton-1556
1245,Jalen Nailor,/dynasty-rankings/players/jalen-nailor-1245
1613,Cade Stover,/dynasty-rankings/players/cade-stover-1613
1611,Jacob Cowing,/dynasty-rankings/players/jacob-cowing-1611
361,D.J. Chark,/dynasty-rankings/players/dj-chark-361
1570,Frank Gore Jr.,/dynasty-rankings/players/frank-gore-jr-1570
1619,Jared Wiley,/dynasty-rankings/players/jared-wiley-1619
153,Kendrick Bourne,/dynasty-rankings/players/kendrick-bourne-153
565,Colby Parkinson,/dynasty-rankings/players/colby-parkinson-565
1404,Hendon Hooker,/dynasty-rankings/players/hendon-hooker-1404
1616,Erick All,/dynasty-rankings/players/erick-all-1616
84,Jonnu Smith,/dynasty-rankings/players/jonnu-smith-84
489,Tyler Conklin,/dynasty-rankings/players/tyler-conklin-489
1303,2024 Mid 4th,/dynasty-rankings/players/2024-mid-4th-1303
1444,Cedric Tillman,/dynasty-rankings/players/cedric-tillman-1444
1006,Rondale Moore,/dynasty-rankings/players/rondale-moore-1006
1370,2025 Early 4th,/dynasty-rankings/players/2025-early-4th-1370
575,Juwan Johnson,/dynasty-rankings/players/juwan-johnson-575
576,Jauan Jennings,/dynasty-rankings/players/jauan-jennings-576
1304,2024 Late 4th,/dynasty-rankings/players/2024-late-4th-1304
1371,2025 Mid 4th,/dynasty-rankings/players/2025-mid-4th-1371
1034,Trey Sermon,/dynasty-rankings/players/trey-sermon-1034
1504,Xavier Gipson,/dynasty-rankings/players/xavier-gipson-1504
1476,Deneric Prince,/dynasty-rankings/players/deneric-prince-1476
631,AJ Dillon,/dynasty-rankings/players/aj-dillon-631
1631,Rasheen Ali,/dynasty-rankings/players/rasheen-ali-1631
326,Alexander Mattison,/dynasty-rankings/players/alexander-mattison-326
1596,Johnny Wilson,/dynasty-rankings/players/johnny-wilson-1596
1017,Trey Lance,/dynasty-rankings/players/trey-lance-1017
531,Cam Akers,/dynasty-rankings/players/cam-akers-531
1391,Deuce Vaughn,/dynasty-rankings/players/deuce-vaughn-1391
1400,Sean Tucker,/dynasty-rankings/players/sean-tucker-1400
330,Mike Gesicki,/dynasty-rankings/players/mike-gesicki-330
1627,Sione Vaki,/dynasty-rankings/players/sione-vaki-1627
20,Jacoby Brissett,/dynasty-rankings/players/jacoby-brissett-20
77,Darius Slayton,/dynasty-rankings/players/darius-slayton-77
1032,Kenneth Gainwell,/dynasty-rankings/players/kenneth-gainwell-1032
1244,Bo Melton,/dynasty-rankings/players/bo-melton-1244
327,Zay Jones,/dynasty-rankings/players/zay-jones-327
1382,Luke Schoonmaker,/dynasty-rankings/players/luke-schoonmaker-1382
1389,Chris Rodriguez,/dynasty-rankings/players/chris-rodriguez-1389
1262,Calvin Austin III,/dynasty-rankings/players/calvin-austin-iii-1262
1395,Evan Hull,/dynasty-rankings/players/evan-hull-1395
1078,Tutu Atwell,/dynasty-rankings/players/tutu-atwell-1078
52,Demarcus Robinson,/dynasty-rankings/players/demarcus-robinson-52
1536,2026 Early 4th,/dynasty-rankings/players/2026-early-4th-1536
413,Jameis Winston,/dynasty-rankings/players/jameis-winston-413
1059,Noah Gray,/dynasty-rankings/players/noah-gray-1059
222,Miles Sanders,/dynasty-rankings/players/miles-sanders-222
912,K.J. Osborn,/dynasty-rankings/players/kj-osborn-912
1431,Darnell Washington,/dynasty-rankings/players/darnell-washington-1431
61,Josh Reynolds,/dynasty-rankings/players/josh-reynolds-61
1560,Jordan Travis,/dynasty-rankings/players/jordan-travis-1560
1537,2026 Mid 4th,/dynasty-rankings/players/2026-mid-4th-1537
776,Noah Brown,/dynasty-rankings/players/noah-brown-776
1246,Tyquan Thornton,/dynasty-rankings/players/tyquan-thornton-1246
358,D'Onta Foreman,/dynasty-rankings/players/d-onta-foreman-358
1305,Jelani Woods,/dynasty-rankings/players/jelani-woods-1305
1372,2025 Late 4th,/dynasty-rankings/players/2025-late-4th-1372
459,Jake Browning,/dynasty-rankings/players/jake-browning-459
633,Clyde Edwards-Helaire,/dynasty-rankings/players/clyde-edwards-helaire-633
1052,Brevin Jordan,/dynasty-rankings/players/brevin-jordan-1052
1538,2026 Late 4th,/dynasty-rankings/players/2026-late-4th-1538
1446,Kayshon Boutte,/dynasty-rankings/players/kayshon-boutte-1446
339,Jamaal Williams,/dynasty-rankings/players/jamaal-williams-339
1454,Xavier Hutchinson,/dynasty-rankings/players/xavier-hutchinson-1454
206,Tim Patrick,/dynasty-rankings/players/tim-patrick-206
1635,Isaiah Davis,/dynasty-rankings/players/isaiah-davis-1635
1383,Israel Abanikanda,/dynasty-rankings/players/israel-abanikanda-1383
1644,Tahj Washington,/dynasty-rankings/players/tahj-washington-1644
33,Drew Lock,/dynasty-rankings/players/drew-lock-33
1283,Skyy Moore,/dynasty-rankings/players/skyy-moore-1283
1436,Tyler Scott,/dynasty-rankings/players/tyler-scott-1436
609,Olamide Zaccheaus,/dynasty-rankings/players/olamide-zaccheaus-609
1035,Michael Carter,/dynasty-rankings/players/michael-carter-1035
1394,DeWayne McBride,/dynasty-rankings/players/dewayne-mcbride-1394
1225,Isaiah Spiller,/dynasty-rankings/players/isaiah-spiller-1225
579,Donovan Peoples-Jones,/dynasty-rankings/players/donovan-peoples-jones-579
159,Tyler Higbee,/dynasty-rankings/players/tyler-higbee-159
578,Van Jefferson,/dynasty-rankings/players/van-jefferson-578
1576,Jase McClellan,/dynasty-rankings/players/jase-mcclellan-1576
1018,Mac Jones,/dynasty-rankings/players/mac-jones-1018
1411,Dorian Thompson-Robinson,/dynasty-rankings/players/dorian-thompson-robinson-1411
404,Mecole Hardman,/dynasty-rankings/players/mecole-hardman-404
1085,Terrace Marshall,/dynasty-rankings/players/terrace-marshall-1085
1416,Zach Evans,/dynasty-rankings/players/zach-evans-1416
1434,Davis Allen,/dynasty-rankings/players/davis-allen-1434
1595,Jamari Thrash,/dynasty-rankings/players/jamari-thrash-1595
561,Isaiah Hodgins,/dynasty-rankings/players/isaiah-hodgins-561
1624,Ainias Smith,/dynasty-rankings/players/ainias-smith-1624
1275,David Bell,/dynasty-rankings/players/david-bell-1275
55,Gerald Everett,/dynasty-rankings/players/gerald-everett-55
1481,Emari Demercado,/dynasty-rankings/players/emari-demercado-1481
1634,Bub Means,/dynasty-rankings/players/bub-means-1634
998,Chris Evans,/dynasty-rankings/players/chris-evans-998
305,Zach Ertz,/dynasty-rankings/players/zach-ertz-305
6,Ty Johnson,/dynasty-rankings/players/ty-johnson-6
1461,Brenton Strange,/dynasty-rankings/players/brenton-strange-1461
785,Samaje Perine,/dynasty-rankings/players/samaje-perine-785
1197,Malik Davis,/dynasty-rankings/players/malik-davis-1197
1204,Pierre Strong Jr.,/dynasty-rankings/players/pierre-strong-jr-1204
646,Ray-Ray McCloud,/dynasty-rankings/players/ray-ray-mccloud-646
1642,Ryan Flournoy,/dynasty-rankings/players/ryan-flournoy-1642
399,Irv Smith,/dynasty-rankings/players/irv-smith-399
86,Will Dissly,/dynasty-rankings/players/will-dissly-86
1515,Emanuel Wilson,/dynasty-rankings/players/emanuel-wilson-1515
541,KJ Hamler,/dynasty-rankings/players/kj-hamler-541
821,Joshua Dobbs,/dynasty-rankings/players/joshua-dobbs-821
1647,Blake Watson,/dynasty-rankings/players/blake-watson-1647
1622,Louis Rees-Zammit,/dynasty-rankings/players/louis-rees-zammit-1622
1488,Jake Bobo,/dynasty-rankings/players/jake-bobo-1488
1208,Kenny Pickett,/dynasty-rankings/players/kenny-pickett-1208
1119,Kylen Granson,/dynasty-rankings/players/kylen-granson-1119
1054,Tommy Tremble,/dynasty-rankings/players/tommy-tremble-1054
1016,Zach Wilson,/dynasty-rankings/players/zach-wilson-1016
1255,Jeremy Ruckert,/dynasty-rankings/players/jeremy-ruckert-1255
1189,Tyler Goodson,/dynasty-rankings/players/tyler-goodson-1189
1213,Desmond Ridder,/dynasty-rankings/players/desmond-ridder-1213
1280,Justyn Ross,/dynasty-rankings/players/justyn-ross-1280
8,Hayden Hurst,/dynasty-rankings/players/hayden-hurst-8
156,Jarrett Stidham,/dynasty-rankings/players/jarrett-stidham-156
1193,Keaontay Ingram,/dynasty-rankings/players/keaontay-ingram-1193
46,Allen Lazard,/dynasty-rankings/players/allen-lazard-46
1205,Kevin Harris,/dynasty-rankings/players/kevin-harris-1205
1210,Malik Willis,/dynasty-rankings/players/malik-willis-1210
1478,Tyson Bagent,/dynasty-rankings/players/tyson-bagent-1478
1385,Kenny McIntosh,/dynasty-rankings/players/kenny-mcintosh-1385
178,Justin Watson,/dynasty-rankings/players/justin-watson-178
882,Donald Parham,/dynasty-rankings/players/donald-parham-882
1039,Kadarius Toney,/dynasty-rankings/players/kadarius-toney-1039
99,Trayveon Williams,/dynasty-rankings/players/trayveon-williams-99
1406,Stetson Bennett,/dynasty-rankings/players/stetson-bennett-1406
1425,Justin Shorter,/dynasty-rankings/players/justin-shorter-1425
1179,Cole Turner,/dynasty-rankings/players/cole-turner-1179
1451,Rakim Jarrett,/dynasty-rankings/players/rakim-jarrett-1451
1473,Derius Davis,/dynasty-rankings/players/derius-davis-1473
1234,Tyrion Davis-Price,/dynasty-rankings/players/tyrion-davis-price-1234
560,Devin Duvernay,/dynasty-rankings/players/devin-duvernay-560
369,Marquez Valdes-Scantling,/dynasty-rankings/players/marquez-valdes-scantling-369
1439,Ronnie Bell,/dynasty-rankings/players/ronnie-bell-1439
1471,Josh Whyle,/dynasty-rankings/players/josh-whyle-1471
1186,Zonovan Knight,/dynasty-rankings/players/zonovan-knight-1186
1432,Cameron Latu,/dynasty-rankings/players/cameron-latu-1432
467,Jalen Guyton,/dynasty-rankings/players/jalen-guyton-467
914,Quez Watkins,/dynasty-rankings/players/quez-watkins-914
1455,Charlie Jones,/dynasty-rankings/players/charlie-jones-1455
1318,Kyle Philips,/dynasty-rankings/players/kyle-philips-1318
540,Laviska Shenault,/dynasty-rankings/players/laviska-shenault-540
566,Adam Trautman,/dynasty-rankings/players/adam-trautman-566
1502,Malik Heath,/dynasty-rankings/players/malik-heath-1502
558,Denzel Mims,/dynasty-rankings/players/denzel-mims-558
1191,Hassan Haskins,/dynasty-rankings/players/hassan-haskins-1191
313,Parris Campbell,/dynasty-rankings/players/parris-campbell-313
522,Brandon Powell,/dynasty-rankings/players/brandon-powell-522
354,Chase Edmonds,/dynasty-rankings/players/chase-edmonds-354
767,Mack Hollins,/dynasty-rankings/players/mack-hollins-767
1629,AJ Barner,/dynasty-rankings/players/aj-barner-1629
279,Odell Beckham,/dynasty-rankings/players/odell-beckham-279
412,Nyheim Hines,/dynasty-rankings/players/nyheim-hines-412
1641,Jawhar Jordan,/dynasty-rankings/players/jawhar-jordan-1641
248,Royce Freeman,/dynasty-rankings/players/royce-freeman-248
822,Kalif Raymond,/dynasty-rankings/players/kalif-raymond-822
1120,Kene Nwangwu,/dynasty-rankings/players/kene-nwangwu-1120
1349,Peyton Hendershot,/dynasty-rankings/players/peyton-hendershot-1349
498,Cedrick Wilson,/dynasty-rankings/players/cedrick-wilson-498
1469,Elijah Higgins,/dynasty-rankings/players/elijah-higgins-1469
445,D'Ernest Johnson,/dynasty-rankings/players/d-ernest-johnson-445
1162,Brock Wright,/dynasty-rankings/players/brock-wright-1162
618,Tyler Huntley,/dynasty-rankings/players/tyler-huntley-618
1508,Jason Brownlee,/dynasty-rankings/players/jason-brownlee-1508
199,Jeffery Wilson,/dynasty-rankings/players/jeffery-wilson-199
572,Tyler Johnson,/dynasty-rankings/players/tyler-johnson-572
1628,Tip Reiman,/dynasty-rankings/players/tip-reiman-1628
563,Albert Okwuegbunam,/dynasty-rankings/players/albert-okwuegbunam-563
722,Joe Flacco,/dynasty-rankings/players/joe-flacco-722
1490,Chris Brooks,/dynasty-rankings/players/chris-brooks-1490
515,Nick Mullens,/dynasty-rankings/players/nick-mullens-515
950,Nick Westbrook-Ikhine,/dynasty-rankings/players/nick-westbrook-ikhine-950
179,Foster Moreau,/dynasty-rankings/players/foster-moreau-179
1580,Dillon Johnson,/dynasty-rankings/players/dillon-johnson-1580
1019,Kyle Trask,/dynasty-rankings/players/kyle-trask-1019
980,Trenton Irwin,/dynasty-rankings/players/trenton-irwin-980
604,Craig Reynolds,/dynasty-rankings/players/craig-reynolds-604
1325,Julius Chestnut,/dynasty-rankings/players/julius-chestnut-1325
1686,Mason Tipton,/dynasty-rankings/players/mason-tipton-1686
647,Tyrod Taylor,/dynasty-rankings/players/tyrod-taylor-647
177,Lil'Jordan Humphrey,/dynasty-rankings/players/lil-jordan-humphrey-177
187,Cordarrelle Patterson,/dynasty-rankings/players/cordarrelle-patterson-187
612,Deonte Harty,/dynasty-rankings/players/deonte-harty-612
1029,Davis Mills,/dynasty-rankings/players/davis-mills-1029
1008,Tylan Wallace,/dynasty-rankings/players/tylan-wallace-1008
1185,Ronnie Rivers,/dynasty-rankings/players/ronnie-rivers-1185
9,Equanimeous St. Brown,/dynasty-rankings/players/equanimeous-st-brown-9
1206,Tyler Badie,/dynasty-rankings/players/tyler-badie-1206
629,Joshua Kelley,/dynasty-rankings/players/joshua-kelley-629
165,Russell Gage,/dynasty-rankings/players/russell-gage-165
1410,Malik Cunningham,/dynasty-rankings/players/malik-cunningham-1410
1315,Andrew Ogletree,/dynasty-rankings/players/andrew-ogletree-1315
435,Drew Sample,/dynasty-rankings/players/drew-sample-435
621,DeeJay Dallas,/dynasty-rankings/players/deejay-dallas-621
1241,Danny Gray,/dynasty-rankings/players/danny-gray-1241
126,Braxton Berrios,/dynasty-rankings/players/braxton-berrios-126
752,Harrison Bryant,/dynasty-rankings/players/harrison-bryant-752
7,Josh Oliver,/dynasty-rankings/players/josh-oliver-7
1073,Anthony Schwartz,/dynasty-rankings/players/anthony-schwartz-1073
1435,Will Mallory,/dynasty-rankings/players/will-mallory-1435
766,Isaiah McKenzie,/dynasty-rankings/players/isaiah-mckenzie-766
1336,KaVontae Turpin,/dynasty-rankings/players/kavontae-turpin-1336
195,Mo Alie-Cox,/dynasty-rankings/players/mo-alie-cox-195
809,Robert Tonyan,/dynasty-rankings/players/robert-tonyan-809
1117,Ihmir Smith-Marsette,/dynasty-rankings/players/ihmir-smith-marsette-1117
1577,Kendall Milton,/dynasty-rankings/players/kendall-milton-1577
1239,Erik Ezukanma,/dynasty-rankings/players/erik-ezukanma-1239
1328,Lucas Krull,/dynasty-rankings/players/lucas-krull-1328
323,Ian Thomas,/dynasty-rankings/players/ian-thomas-323
384,Austin Hooper,/dynasty-rankings/players/austin-hooper-384
1212,Bailey Zappe,/dynasty-rankings/players/bailey-zappe-1212
442,Scotty Miller,/dynasty-rankings/players/scotty-miller-442
395,Jimmy Garoppolo,/dynasty-rankings/players/jimmy-garoppolo-395
1110,Ben Skowronek,/dynasty-rankings/players/ben-skowronek-1110
1559,Michael Pratt,/dynasty-rankings/players/michael-pratt-1559
1043,Jaelon Darden,/dynasty-rankings/players/jaelon-darden-1043
623,James Robinson,/dynasty-rankings/players/james-robinson-623
1284,Velus Jones,/dynasty-rankings/players/velus-jones-1284
1215,Skylar Thompson,/dynasty-rankings/players/skylar-thompson-1215
276,JuJu Smith-Schuster,/dynasty-rankings/players/juju-smith-schuster-276
524,Trent Sherfield,/dynasty-rankings/players/trent-sherfield-524
389,Tre'Quan Smith,/dynasty-rankings/players/tre-quan-smith-389
214,Kareem Hunt,/dynasty-rankings/players/kareem-hunt-214
427,Ashton Dulin,/dynasty-rankings/players/ashton-dulin-427
168,Richie James,/dynasty-rankings/players/richie-james-168